artist_id,user_name,fname,lname
1,Zelda CW,,
2,Velinxi,Xiao Tong,Kong
3,ND Stevenson,ND,Stevenson
4,Segawa Noboru,Noboru,Segawa
5,Baoshan Karo),Marina, Privalova
6,Michel Lauricella,Michel,Lauricella
7,Hayden Sherman,Hayden,Sherman
8,Exten Studio,,
9,?,,
10,?,,
11,?,,
12,Jin-Hwan Park,,
13,Rona,,
14,?,,
15,KUKU Hayate,,
16,"Geughan, Nandasyung",,
17,Brothers Without A Tomorrow,,
18,?,,
19,?,,
20,Goodmen,,
21,"Daran 9, Jeong I Jang",,
22,Tan Gwang,,
23,Yuewen Manhua,,
24,Brothers Without A Tomorrow,,
25,Hobaen,,
26,Kang Pucon ,,
27,Lee Pado,,
28,Lee ,,
29,Chamji,,
30,Chai Won,,
31,Dosak,,
32,Mo-an,,
33,Jinan,,
34,An Lee,,
35,Min Ji-Hwan,,
36,?,,
37,??,,
38,Urana Kei,,
39,Eiichiro Oda,,
40,Kamome Shirahama,,
41,Eiichiro Oda,,
42,Kamome Shirahama,,
43,Edward Gorey,,
44,?,,
45,?,,
46,?,,
47,Dingdong,,
48,Shiro Usazaki,,
49,?,,
50,Jusang,,
51,KIMPEUL,,
52,Lim lina,,
53,?,,
54,?,,
55,Kuwabara Taku,,
56,Yu Chi Jin Ze,,
57,?,,
58,?,,
59,?,,
