author_id,user_name,fname,lname
1,Mo Xiang Tong Xiu,,
2,ND Stevenson,ND,Stevenson
3,Terry Pratchet,Terry,Pratchet
4,Mary Shelly,Mary,Shelly
5,James Baldwin,James,Baldwin
6,Dianna Wynne Jones,Dianna Wynne,Jones
7,Segaway Noboru,Noboru,Segawa
8,Michel Lauricella,Michel,Lauricella
9,Kelly Thompson,Kelly,Thompsan
10,Cyan Wings,YuYi,QingSe
11,Hectopascal,,
12,MIYOSHI Ayato,,
13,Dacto gong,,
14,??,,
15,Yeong-Hun Jang,,
16,Rona,,
17,CHIHAYA Hino,,
18,KUKU Hayate,,
19,Geughan,,
20,Brothers Without A Tomorrow,,
21,??sato,,
22,Reapersun (T Zysk),,
23,Goodmen,,
24,Daran 9,,
25,Tan Gwang,,
26,Yuewen Manhua,,
27,Brothers Without A Tomorrow,,
28,Hobaen,,
29,Kang Pucon ,,
30,Lee Pado,,
31,Lee ,,
32,Chamji,,
33,Chai Won,,
34,Dosak,,
35,Mo-an,,
36,Jinan,,
37,Hyeon-Min Lee,,
38,Min Ji-hwan,,
39,Hedgehog,,
40,??,,
41,Urana Kei,,
42,HOHAGI Aki,,
43,USUI Ryu,,
44,Homerun Ken,,
45,Kashio,,
46,KATOH Muw,,
47,KIMURA Hidesato,,
48,Suteinu Machi,,
49,Ga Nara,,
50,Soulpung,,
51,Gon,,
52,Merry Happy,,
53,Hu Wei De Bi,,
54,Jeong I Jang,,
55,Nandasyung,,
56,JP,,
57,Eiichiro Oda,,
58,Kamome Shirahama,,
59,The Mechanisms,,
60,Oh Hellos,,
61,Marimo Ragawa,,
62,Amyu,,
63,Joan Roughgarden,Joan,Rougharden
64,Edward Gorey,,
65,Aristophanes,,
66,Rick Riordan,Rick,Riordan
67,Syundei/Shundei,,
68,NARASHIMA Sachi,,
69,Mado Fuchiya (Nishin Masumi),,
70,DingdongĀ,,
71,"NISHI Osamu, USAZAKI Shiro",,
72,Himemitsu,,
73,Pinkie,,
74,"CHOVA, Ja Eunhang",,
75,Kim Jung-Hyun,,
76,Physics Score,,
77,"Enatsu Haruka, Ishihara Tsuushin, MAHALO",,
78,Kuwabara Taku,,
79,"Jinjiang Literature City, Yishisi Zhou",,
80,Gomyang,,
81,Geonhan,,
82,SUZURI Ryo,,
